Casos Covid,Tem. Media,Gasto Medio,cluster
177644,20.14,160,Cluster 1
180192,22.78,166,Cluster 1
202880,24.28,164,Cluster 1
312793,24.89,166,Cluster 1
183761,25.41,157,Cluster 1
181212,23.99,159,Cluster 1
23261,19.68,160,Cluster 1
23078,22.86,166,Cluster 2
25169,24.23,164,Cluster 2
39452,24.59,166,Cluster 2
23620,25.38,157,Cluster 2
23602,23.46,159,Cluster 2
75772,20.17,225,Cluster 1
72108,23.69,236,Cluster 1
77946,26.18,245,Cluster 1
139721,26.6,256,Cluster 1
88708,26.38,268,Cluster 1
86494,24.67,274,Cluster 1
7277,26.26,116,Cluster 2
7145,27.09,123,Cluster 2
9779,27.89,121,Cluster 2
19988,28.12,124,Cluster 2
10620,26.34,121,Cluster 2
8788,25.28,123,Cluster 2
23798,22.09,153,Cluster 2
23595,24.99,164,Cluster 2
26243,26.65,179,Cluster 2
43960,27.23,187,Cluster 2
28179,27.78,185,Cluster 2
27034,26.45,184,Cluster 2
8820,23.22,116,Cluster 2
8139,23.85,123,Cluster 2
8098,25.77,121,Cluster 2
15841,28.45,124,Cluster 2
11108,28.53,121,Cluster 2
8897,28.04,123,Cluster 2
51316,21.22,104,Cluster 2
53188,23.98,107,Cluster 2
58691,25.45,110,Cluster 2
91383,26.07,112,Cluster 2
55446,26.72,105,Cluster 2
54292,25.6,107,Cluster 2
